URL_ID,URL
1.0,https://insights.blackcoffer.com/how-is-login-logout-time-tracking-for-employees-in-office-done-by-ai/
2.0,https://insights.blackcoffer.com/how-does-ai-help-to-monitor-retail-shelf-watches/
3.0,https://insights.blackcoffer.com/ai-and-its-impact-on-the-fashion-industry/
4.0,https://insights.blackcoffer.com/how-do-deep-learning-models-predict-old-and-new-drugs-that-are-successfully-treated-in-healthcare/
5.0,https://insights.blackcoffer.com/how-artificial-intelligence-can-boost-your-productivity-level/
6.0,https://insights.blackcoffer.com/how-are-genetic-sequencing-maps-affected-by-deep-learning-and-ai/
7.0,https://insights.blackcoffer.com/how-is-ai-used-to-solve-traffic-management/
8.0,https://insights.blackcoffer.com/benefits-of-big-data-in-different-fields/
9.0,https://insights.blackcoffer.com/how-big-data-will-impact-the-future-of-business/
10.0,https://insights.blackcoffer.com/how-will-ai-make-decisions-in-tomorrows-wars/
11.0,https://insights.blackcoffer.com/which-one-is-better-ai-or-big-data/
12.0,https://insights.blackcoffer.com/how-robots-can-help-in-e-learning-platforms/
13.0,https://insights.blackcoffer.com/how-does-big-data-help-in-finance-and-the-growth-of-large-firms/
14.0,https://insights.blackcoffer.com/future-of-work-robot-ai-and-automation/
15.0,https://insights.blackcoffer.com/how-ai-will-help-the-defense-power-of-a-country/
16.0,https://insights.blackcoffer.com/future-of-ai-and-machine-roles-in-the-medical-sector/
17.0,https://insights.blackcoffer.com/ai-in-healthcare-to-improve-patient-outcomes/
18.0,https://insights.blackcoffer.com/what-if-the-creation-is-taking-over-the-creator/
19.0,https://insights.blackcoffer.com/what-jobs-will-robots-take-from-humans-in-the-future/
20.0,https://insights.blackcoffer.com/will-machine-replace-the-human-in-the-future-of-work/
21.0,https://insights.blackcoffer.com/will-ai-replace-us-or-work-with-us/
22.0,https://insights.blackcoffer.com/man-and-machines-together-machines-are-more-diligent-than-humans-blackcoffe/
23.0,https://insights.blackcoffer.com/in-future-or-in-upcoming-years-humans-and-machines-are-going-to-work-together-in-every-field-of-work/
24.0,https://insights.blackcoffer.com/how-neural-networks-can-be-applied-in-various-areas-in-the-future/
25.0,https://insights.blackcoffer.com/how-machine-learning-will-affect-your-business/
26.0,https://insights.blackcoffer.com/deep-learning-impact-on-areas-of-e-learning/
27.0,https://insights.blackcoffer.com/how-to-protect-future-data-and-its-privacy-blackcoffer/
28.0,https://insights.blackcoffer.com/how-machines-ai-automations-and-robo-human-are-effective-in-finance-and-banking/
29.0,https://insights.blackcoffer.com/ai-human-robotics-machine-future-planet-blackcoffer-thinking-jobs-workplace/
30.0,https://insights.blackcoffer.com/how-ai-will-change-the-world-blackcoffer/
31.0,https://insights.blackcoffer.com/future-of-work-how-ai-has-entered-the-workplace/
32.0,https://insights.blackcoffer.com/ai-tool-alexa-google-assistant-finance-banking-tool-future/
33.0,https://insights.blackcoffer.com/ai-healthcare-revolution-ml-technology-algorithm-google-analytics-industrialrevolution/
34.0,https://insights.blackcoffer.com/all-you-need-to-know-about-online-marketing/
35.0,https://insights.blackcoffer.com/evolution-of-advertising-industry/
36.0,https://insights.blackcoffer.com/how-data-analytics-can-help-your-business-respond-to-the-impact-of-covid-19/
37.0,https://insights.blackcoffer.com/covid-19-environmental-impact-for-the-future/
38.0,https://insights.blackcoffer.com/environmental-impact-of-the-covid-19-pandemic-lesson-for-the-future/
39.0,https://insights.blackcoffer.com/how-data-analytics-and-ai-are-used-to-halt-the-covid-19-pandemic/
40.0,https://insights.blackcoffer.com/difference-between-artificial-intelligence-machine-learning-statistics-and-data-mining/
41.0,https://insights.blackcoffer.com/how-python-became-the-first-choice-for-data-science/
42.0,https://insights.blackcoffer.com/how-google-fit-measure-heart-and-respiratory-rates-using-a-phone/
43.0,https://insights.blackcoffer.com/what-is-the-future-of-mobile-apps/
45.0,https://insights.blackcoffer.com/impact-of-ai-in-health-and-medicine/
46.0,https://insights.blackcoffer.com/telemedicine-what-patients-like-and-dislike-about-it/
47.0,https://insights.blackcoffer.com/how-we-forecast-future-technologies/
48.0,https://insights.blackcoffer.com/can-robots-tackle-late-life-loneliness/
49.0,https://insights.blackcoffer.com/embedding-care-robots-into-society-socio-technical-considerations/
50.0,https://insights.blackcoffer.com/management-challenges-for-future-digitalization-of-healthcare-services/
51.0,https://insights.blackcoffer.com/are-we-any-closer-to-preventing-a-nuclear-holocaust/
52.0,https://insights.blackcoffer.com/will-technology-eliminate-the-need-for-animal-testing-in-drug-development/
53.0,https://insights.blackcoffer.com/will-we-ever-understand-the-nature-of-consciousness/
54.0,https://insights.blackcoffer.com/will-we-ever-colonize-outer-space/
55.0,https://insights.blackcoffer.com/what-is-the-chance-homo-sapiens-will-survive-for-the-next-500-years/
56.0,https://insights.blackcoffer.com/why-does-your-business-need-a-chatbot/
57.0,https://insights.blackcoffer.com/how-you-lead-a-project-or-a-team-without-any-technical-expertise/
58.0,https://insights.blackcoffer.com/can-you-be-great-leader-without-technical-expertise/
59.0,https://insights.blackcoffer.com/how-does-artificial-intelligence-affect-the-environment/
60.0,https://insights.blackcoffer.com/how-to-overcome-your-fear-of-making-mistakes-2/
61.0,https://insights.blackcoffer.com/is-perfection-the-greatest-enemy-of-productivity/
62.0,https://insights.blackcoffer.com/global-financial-crisis-2008-causes-effects-and-its-solution/
63.0,https://insights.blackcoffer.com/gender-diversity-and-equality-in-the-tech-industry/
64.0,https://insights.blackcoffer.com/how-to-overcome-your-fear-of-making-mistakes/
65.0,https://insights.blackcoffer.com/how-small-business-can-survive-the-coronavirus-crisis/
66.0,https://insights.blackcoffer.com/impacts-of-covid-19-on-vegetable-vendors-and-food-stalls/
67.0,https://insights.blackcoffer.com/impacts-of-covid-19-on-vegetable-vendors/
68.0,https://insights.blackcoffer.com/impact-of-covid-19-pandemic-on-tourism-aviation-industries/
69.0,https://insights.blackcoffer.com/impact-of-covid-19-pandemic-on-sports-events-around-the-world/
70.0,https://insights.blackcoffer.com/changing-landscape-and-emerging-trends-in-the-indian-it-ites-industry/
71.0,https://insights.blackcoffer.com/online-gaming-adolescent-online-gaming-effects-demotivated-depression-musculoskeletal-and-psychosomatic-symptoms/
72.0,https://insights.blackcoffer.com/human-rights-outlook/
73.0,https://insights.blackcoffer.com/how-voice-search-makes-your-business-a-successful-business/
74.0,https://insights.blackcoffer.com/how-the-covid-19-crisis-is-redefining-jobs-and-services/
75.0,https://insights.blackcoffer.com/how-to-increase-social-media-engagement-for-marketers/
76.0,https://insights.blackcoffer.com/impacts-of-covid-19-on-streets-sides-food-stalls/
77.0,https://insights.blackcoffer.com/coronavirus-impact-on-energy-markets-2/
78.0,https://insights.blackcoffer.com/coronavirus-impact-on-the-hospitality-industry-5/
79.0,https://insights.blackcoffer.com/lessons-from-the-past-some-key-learnings-relevant-to-the-coronavirus-crisis-4/
80.0,https://insights.blackcoffer.com/estimating-the-impact-of-covid-19-on-the-world-of-work-2/
81.0,https://insights.blackcoffer.com/estimating-the-impact-of-covid-19-on-the-world-of-work-3/
82.0,https://insights.blackcoffer.com/travel-and-tourism-outlook/
83.0,https://insights.blackcoffer.com/gaming-disorder-and-effects-of-gaming-on-health/
84.0,https://insights.blackcoffer.com/what-is-the-repercussion-of-the-environment-due-to-the-covid-19-pandemic-situation/
85.0,https://insights.blackcoffer.com/what-is-the-repercussion-of-the-environment-due-to-the-covid-19-pandemic-situation-2/
86.0,https://insights.blackcoffer.com/impact-of-covid-19-pandemic-on-office-space-and-co-working-industries/
87.0,https://insights.blackcoffer.com/contribution-of-handicrafts-visual-arts-literature-in-the-indian-economy/
88.0,https://insights.blackcoffer.com/how-covid-19-is-impacting-payment-preferences/
89.0,https://insights.blackcoffer.com/how-will-covid-19-affect-the-world-of-work-2/
90.0,https://insights.blackcoffer.com/lessons-from-the-past-some-key-learnings-relevant-to-the-coronavirus-crisis/
91.0,https://insights.blackcoffer.com/covid-19-how-have-countries-been-responding/
92.0,https://insights.blackcoffer.com/coronavirus-impact-on-the-hospitality-industry-2/
93.0,https://insights.blackcoffer.com/how-will-covid-19-affect-the-world-of-work-3/
94.0,https://insights.blackcoffer.com/coronavirus-impact-on-the-hospitality-industry-3/
95.0,https://insights.blackcoffer.com/estimating-the-impact-of-covid-19-on-the-world-of-work/
96.0,https://insights.blackcoffer.com/covid-19-how-have-countries-been-responding-2/
97.0,https://insights.blackcoffer.com/how-will-covid-19-affect-the-world-of-work-4/
98.0,https://insights.blackcoffer.com/lessons-from-the-past-some-key-learnings-relevant-to-the-coronavirus-crisis-2/
99.0,https://insights.blackcoffer.com/lessons-from-the-past-some-key-learnings-relevant-to-the-coronavirus-crisis-3/
100.0,https://insights.blackcoffer.com/coronavirus-impact-on-the-hospitality-industry-4/
101.0,https://insights.blackcoffer.com/why-scams-like-nirav-modi-happen-with-indian-banks/
102.0,https://insights.blackcoffer.com/impact-of-covid-19-on-the-global-economy/
103.0,https://insights.blackcoffer.com/impact-of-covid-19coronavirus-on-the-indian-economy-2/
104.0,https://insights.blackcoffer.com/impact-of-covid-19-on-the-global-economy-2/
105.0,https://insights.blackcoffer.com/impact-of-covid-19-coronavirus-on-the-indian-economy-3/
106.0,https://insights.blackcoffer.com/should-celebrities-be-allowed-to-join-politics/
107.0,https://insights.blackcoffer.com/how-prepared-is-india-to-tackle-a-possible-covid-19-outbreak/
108.0,https://insights.blackcoffer.com/how-will-covid-19-affect-the-world-of-work/
109.0,https://insights.blackcoffer.com/controversy-as-a-marketing-strategy/
110.0,https://insights.blackcoffer.com/coronavirus-impact-on-the-hospitality-industry/
111.0,https://insights.blackcoffer.com/coronavirus-impact-on-energy-markets/
112.0,https://insights.blackcoffer.com/what-are-the-key-policies-that-will-mitigate-the-impacts-of-covid-19-on-the-world-of-work/
113.0,https://insights.blackcoffer.com/marketing-drives-results-with-a-focus-on-problems/
114.0,https://insights.blackcoffer.com/continued-demand-for-sustainability/
115.0,https://insights.blackcoffer.com/coronavirus-disease-covid-19-effect-the-impact-and-role-of-mass-media-during-the-pandemic/
116.0,https://insights.blackcoffer.com/should-people-wear-fabric-gloves-seeking-evidence-regarding-the-differential-transfer-of-covid-19-or-coronaviruses-generally-between-surfaces/
117.0,https://insights.blackcoffer.com/why-is-there-a-severe-immunological-and-inflammatory-explosion-in-those-affected-by-sarms-covid-19/
118.0,https://insights.blackcoffer.com/what-do-you-think-is-the-lesson-or-lessons-to-be-learned-with-covid-19/
119.0,https://insights.blackcoffer.com/coronavirus-the-unexpected-challenge-for-the-european-union/
120.0,https://insights.blackcoffer.com/industrial-revolution-4-0-pros-and-cons/
121.0,https://insights.blackcoffer.com/impact-of-covid-19-coronavirus-on-the-indian-economy/
122.0,https://insights.blackcoffer.com/impact-of-covid-19-coronavirus-on-the-indian-economy-2/
123.0,https://insights.blackcoffer.com/impact-of-covid-19coronavirus-on-the-indian-economy/
124.0,https://insights.blackcoffer.com/impact-of-covid-19-coronavirus-on-the-global-economy/
125.0,https://insights.blackcoffer.com/ensuring-growth-through-insurance-technology/
126.0,https://insights.blackcoffer.com/blockchain-in-fintech/
127.0,https://insights.blackcoffer.com/blockchain-for-payments/
128.0,https://insights.blackcoffer.com/the-future-of-investing/
129.0,https://insights.blackcoffer.com/big-data-analytics-in-healthcare/
130.0,https://insights.blackcoffer.com/business-analytics-in-the-healthcare-industry/
131.0,https://insights.blackcoffer.com/challenges-and-opportunities-of-big-data-in-healthcare/
132.0,https://insights.blackcoffer.com/obstacles-to-data-driven-healthcare/
133.0,https://insights.blackcoffer.com/monetization-of-data-innovate-to-harvest-the-full-value-of-data/
134.0,https://insights.blackcoffer.com/traceability-of-information-master-your-data-capital/
135.0,https://insights.blackcoffer.com/bank-risk-management-india/
136.0,https://insights.blackcoffer.com/advance-analytics-for-refocusing-profits/
137.0,https://insights.blackcoffer.com/role-of-big-data-analytics-banking-and-finance/
138.0,https://insights.blackcoffer.com/mitigating-bank-risk-management/
139.0,https://insights.blackcoffer.com/future-of-bank-risk-management/
140.0,https://insights.blackcoffer.com/advanced-analytics-redefining-banking/
141.0,https://insights.blackcoffer.com/marketing-analytics-needs/
142.0,https://insights.blackcoffer.com/big-data-analytics-to-bring-transparency-and-good-governance/
143.0,https://insights.blackcoffer.com/how-political-leaders-will-shape-tomorrow-using-big-data-analytics/
144.0,https://insights.blackcoffer.com/big-data-and-analytics-to-help-form-political-leaders-win-election/
145.0,https://insights.blackcoffer.com/the-emergence-of-data-analytics/
146.0,https://insights.blackcoffer.com/how-artificial-intelligence-can-deliver-real-value-to-companies-2/
147.0,https://insights.blackcoffer.com/the-prospective-recipe-of-success-in-the-age-of-analytics/
148.0,https://insights.blackcoffer.com/using-people-analytics-to-drive-business-performance/
149.0,https://insights.blackcoffer.com/how-artificial-intelligence-can-deliver-real-value-to-companies/
150.0,https://insights.blackcoffer.com/big-data-analytics-through-iot-in-oil-and-gas-industry/
151.0,https://insights.blackcoffer.com/how-big-data-and-analytics-is-helping-marketing-leaders/
152.0,https://insights.blackcoffer.com/what-analytics-outsourcing-engagement-model-is-right-for-you/
153.0,https://insights.blackcoffer.com/big-data-analytics-solving-problems-banking-and-finance-industry/
154.0,https://insights.blackcoffer.com/analytics-healthcare-industry/
155.0,https://insights.blackcoffer.com/business-analytics-textile-industry/
156.0,https://insights.blackcoffer.com/big-data-marketing-reality/
157.0,https://insights.blackcoffer.com/understanding-millennial-market/
158.0,https://insights.blackcoffer.com/analytics-helping-fashion-e-tailers-develop-markets-developing-countries/
159.0,https://insights.blackcoffer.com/big-data-analytics-change-healthcare-developing-countries/
160.0,https://insights.blackcoffer.com/big-data-analytics-help-voters-know-political-leaders/
161.0,https://insights.blackcoffer.com/digital-transformation-oil-gas/
162.0,https://insights.blackcoffer.com/data-analytics-reduce-cost-production/
163.0,https://insights.blackcoffer.com/gaining-insights-internal-data-retail/
164.0,https://insights.blackcoffer.com/role-big-data-cyber-security/
165.0,https://insights.blackcoffer.com/role-big-data-healthcare/
166.0,https://insights.blackcoffer.com/data-driven-dashboards/
167.0,https://insights.blackcoffer.com/role-big-data-academia/
168.0,https://insights.blackcoffer.com/sales-forecasting-in-retail/
169.0,https://insights.blackcoffer.com/detect-data-exfiltration-over-the-network/
170.0,https://insights.blackcoffer.com/data-exfiltration/
171.0,https://insights.blackcoffer.com/impacts-of-covid-19-on-vegetable-vendors-and-food-stalls/
